"DIARY 1 - FLUIDS AND VOIDING",,,,,,
"Time","Drink and approximate amount","Urination?","Urgency 0-3","Leakage?","Pain/burning?","Notes"
,,,,,,
,,,,,,
,,,,,,
,,,,,,
,,,,,,
,,,,,,
,,,,,,
,,,,,,
,,,,,,
,,,,,,

"DIARY 2 - BOWEL HEALTH",,,,,
"Day/date","Bowel movement?","Hard or painful?","Withholding?","Soiling?","Notes or treatment prescribed by clinician"
,,,,,
,,,,,
,,,,,
,,,,,
,,,,,
,,,,,
,,,,,

"DIARY 3 - NIGHTTIME",,,,,,,,,,
"Date","Bedtime","Toilet before bed?","Wet/dry","Small/large/unknown","Number of episodes","Woke independently?","Alarm used?","Medication taken only as prescribed?","Sleep quality 0-3","Notes"
,,,,,,,,,,
,,,,,,,,,,
,,,,,,,,,,
,,,,,,,,,,
,,,,,,,,,,
,,,,,,,,,,
,,,,,,,,,,

"END OF PERIOD SUMMARY",
"Question","Answer"
"Number of wet nights",
"Number of dry nights",
"Any daytime urgency, leakage, pain, or weak stream?",
"Any constipation, soiling, or painful bowel movements?",
"Any Red Flags (e.g., blood-tinged urine, severe pain, extreme thirst, or loud snoring)?",
"Any recent Psychological Triggers (e.g., major life changes, stress)?",
"Has a clinician discussed Pelvic Floor Rehabilitation for this case?",
"What appeared to help?",
"What appeared to make things harder?",
"What are the three questions for the clinician?",
